_id,com.i3visio.Domain,com.i3visio.Domain.TLD.Type,com.i3visio.IPv4,com.i3visio.Platform,com.i3visio.Alias,com.i3visio.Search,com.i3visio.URI
1,sman1gedeg.org,global,36.86.63.182,[N/A],[N/A],[N/A],[N/A]
2,sman1gedeg.arpa,global,36.86.63.182,[N/A],[N/A],[N/A],[N/A]
3,sman1gedeg.net,global,36.86.63.182,[N/A],[N/A],[N/A],[N/A]
4,sman1gedeg.com,global,36.86.63.182,[N/A],[N/A],[N/A],[N/A]
5,sman1gedeg.int,global,36.86.63.182,[N/A],[N/A],[N/A],[N/A]
6,sman1gedeg.edu,global,36.86.63.182,[N/A],[N/A],[N/A],[N/A]
7,sman1gedeg.gov,global,36.86.63.182,[N/A],[N/A],[N/A],[N/A]
8,sman1gedeg.mil,global,36.86.63.182,[N/A],[N/A],[N/A],[N/A]
9,sman1gedeg.arpa,global,36.86.63.182,[N/A],[N/A],[N/A],[N/A]
10,sman1gedeg.gov,global,36.86.63.182,[N/A],[N/A],[N/A],[N/A]
11,sman1gedeg.int,global,36.86.63.182,[N/A],[N/A],[N/A],[N/A]
12,sman1gedeg.edu,global,36.86.63.182,[N/A],[N/A],[N/A],[N/A]
13,sman1gedeg.org,global,36.86.63.182,[N/A],[N/A],[N/A],[N/A]
14,sman1gedeg.net,global,36.86.63.182,[N/A],[N/A],[N/A],[N/A]
15,sman1gedeg.com,global,36.86.63.182,[N/A],[N/A],[N/A],[N/A]
16,sman1gedeg.mil,global,36.86.63.182,[N/A],[N/A],[N/A],[N/A]
17,N/A,N/A,N/A,Facebook,andika.zuhdi.1,hedy,https://facebook.com/andika.zuhdi.1
18,N/A,N/A,N/A,Facebook,fkhkwf,hedy,https://facebook.com/fkhkwf
19,N/A,N/A,N/A,Facebook,people/Hedy-Anay-Guti%C3%A9rrez/100061108546866/,hedy,https://facebook.com/people/Hedy-Anay-Guti%C3%A9rrez/100061108546866/
20,N/A,N/A,N/A,Facebook,hedy.ddmunkh.5,hedy,https://facebook.com/hedy.ddmunkh.5
21,N/A,N/A,N/A,Facebook,gian.wijayaoifals,hedy,https://facebook.com/gian.wijayaoifals
22,N/A,N/A,N/A,Facebook,hedy.flower.7,hedy,https://facebook.com/hedy.flower.7
23,N/A,N/A,N/A,Facebook,li.h.shuang.1,hedy,https://facebook.com/li.h.shuang.1
24,N/A,N/A,N/A,Facebook,hedy.paulus.31,hedy,https://facebook.com/hedy.paulus.31
25,N/A,N/A,N/A,Facebook,hedy.nguyen.56,hedy,https://facebook.com/hedy.nguyen.56
26,N/A,N/A,N/A,Facebook,people/Hedy-Liew/100010153410227/,hedy,https://facebook.com/people/Hedy-Liew/100010153410227/
27,N/A,N/A,N/A,Facebook,hedy.lee.5,hedy,https://facebook.com/hedy.lee.5
28,N/A,N/A,N/A,Facebook,diaayuhedy.sari,hedy,https://facebook.com/diaayuhedy.sari
29,N/A,N/A,N/A,Facebook,awat.bokani.12720,hedy,https://facebook.com/awat.bokani.12720
30,N/A,N/A,N/A,Facebook,people/Hedy-Suhedy/100070602473770/,hedy,https://facebook.com/people/Hedy-Suhedy/100070602473770/
31,N/A,N/A,N/A,Facebook,amr.rullah.923,pace+komputer,https://facebook.com/amr.rullah.923
32,N/A,N/A,N/A,Facebook,people/Pacekomputer/100068995513973/,pace+komputer,https://facebook.com/people/Pacekomputer/100068995513973/
33,N/A,N/A,N/A,Facebook,people/Pacekomputer/100069015733519/,pace+komputer,https://facebook.com/people/Pacekomputer/100069015733519/
34,N/A,N/A,N/A,Facebook,bocil.stovia.50,pace+komputer,https://facebook.com/bocil.stovia.50
35,N/A,N/A,N/A,Facebook,pacee.komputeri,pace+komputer,https://facebook.com/pacee.komputeri
36,N/A,N/A,N/A,Facebook,arnold.rmb,pace+komputer,https://facebook.com/arnold.rmb
37,N/A,N/A,N/A,Facebook,pace.pace.129794,pace+komputer,https://facebook.com/pace.pace.129794
38,N/A,N/A,N/A,Facebook,people/Pace-Pace/100038301550914/,pace+komputer,https://facebook.com/people/Pace-Pace/100038301550914/
39,N/A,N/A,N/A,Facebook,petruzdhail.yadanfle,pace+komputer,https://facebook.com/petruzdhail.yadanfle
40,N/A,N/A,N/A,Facebook,phaphet.yadan,pace+komputer,https://facebook.com/phaphet.yadan
41,N/A,N/A,N/A,Facebook,pace.saflembolo.5,pace+komputer,https://facebook.com/pace.saflembolo.5
42,N/A,N/A,N/A,Facebook,pace.ginia.75,pace+komputer,https://facebook.com/pace.ginia.75
43,N/A,N/A,N/A,Facebook,komputer.pc.3,pace+komputer,https://facebook.com/komputer.pc.3
44,N/A,N/A,N/A,Facebook,ullie.dadrana,pace+komputer,https://facebook.com/ullie.dadrana
45,N/A,N/A,N/A,Facebook,mambero.mambero.9,pace+komputer,https://facebook.com/mambero.mambero.9
46,N/A,N/A,N/A,Facebook,melianus.pacewarwai,pace+komputer,https://facebook.com/melianus.pacewarwai
